<?xml version="1.0" encoding="UTF-8"?>
<project-private xmlns="http://www.netbeans.org/ns/project-private/1">
    <editor-bookmarks xmlns="http://www.netbeans.org/ns/editor-bookmarks/2" lastBookmarkId="0"/>
    <open-files xmlns="http://www.netbeans.org/ns/projectui-open-files/2">
        <group>
            <file>file:/C:/Users/Aaron/Documents/proyectos%20java/programacion2/contraseñas/src/contraseñas/SesionDeUsuario.java</file>
            <file>file:/C:/Users/Aaron/Documents/proyectos%20java/programacion2/contraseñas/src/contraseñas/Usuario.java</file>
            <file>file:/C:/Users/Aaron/Documents/proyectos%20java/programacion2/contraseñas/src/contraseñas/BaseDeDatos.java</file>
            <file>file:/C:/Users/Aaron/Documents/proyectos%20java/programacion2/contraseñas/src/contraseñas/Contraseñas.java</file>
            <file>file:/C:/Users/Aaron/Documents/proyectos%20java/programacion2/contraseñas/src/contraseñas/HelperEncriptacion.java</file>
        </group>
    </open-files>
</project-private>
